date,run_name,model,train_images,imgsz,batch,precision,recall,mAP50,mAP50-95,train_hours,note
,run-7,yolov8s,548,960,,,,0.927,0.700,,초기 베이스라인
,run-9,yolov8m,548,960,,,,0.920,0.717,,모델 확대 시도 - 데이터 부족으로 효과 미미
,run-13,yolo11s (cache 미적용),1921,960,8,,,0.978,0.864,,데이터 1921장으로 확충 + 누수 제거 후 재학습
,run-14,yolo11s (cache=True),1921,960,8,,,0.981,0.870,,캐싱 적용 - run-16 이전 최고 기록
,run-15,yolo11s (imgsz=1280),1921,1280,4,,,0.979,0.873,,해상도 상향 실험 - 시간 대비 효과 적어 기각
2026-09-23,run-16,yolo11m,1921,960,6,0.940,0.965,0.979,0.874,5.20,모델 용량 확대 - 현재까지 최고 기록
2026-09-24,run-17,yolo11l,1921,,,0.943,0.963,0.979,0.869,8.50,모델 용량 추가 확대 - run-16 대비 mAP50-95 소폭 하락(0.874→0.869) - epoch 109에서 조기 종료(patience=30)
2026-09-25,plate_detect_m_lowlight,yolo11m.pt,1925,960,6,0.953,0.961,0.98,0.874,4.6,"저조도(야간/역광) 대비 개선 실험 - hsv_v 0.4->0.7, 나머지는 run-16과 동일"
2026-09-25,plate_detect_m_expanded,yolo11m.pt,2162,960,6,0.933,0.963,0.979,0.868,2.46,"B안 데이터 보강 - 추가학습_검수 237장(자동 초안 231 + 수동 6) 추가, hsv_v=0.7 유지 (51epoch 부근 중단 후 재개)"
