date,architecture,epochs_run,epochs_max,batch_size,lr,optimizer,weight_decay,patience,confusable_oversample,train_images,val_images,n_params,best_cer,best_exact_at_save,note
2026-09-26 10:38,BiLSTM+SelfAttention,140,150,32,0.0003,AdamW,0.0,20,1.5,1759,195,8734899,0.0665,0.7846,attention 실험 - 기존 BiLSTM단독(0.074/0.749)과 비교용
2026-09-26 19:50,BiLSTM+SelfAttention,98,150,32,0.0003,AdamW,0.0,20,1.5,6.0,1759,195,8734899,0.0540,0.8359,7/8자리(지역명 없음) 오버샘플링 추가 - 006트럭 9자리 오인식 수정 시도
2026-09-26 22:49,BiLSTM+SelfAttention,110,150,32,0.0003,AdamW,0.0,20,1.5,6.0,1759,195,8734899,0.0581,0.8051,7/8자리(지역명 없음) 오버샘플링 추가 - 006트럭 9자리 오인식 수정 시도
2026-09-26 23:16,BiLSTM+SelfAttention,115,150,32,0.0003,AdamW,0.0,20,1.5,6.0,1759,195,8734899,0.0588,0.7744,7/8자리(지역명 없음) 오버샘플링 추가 - 006트럭 9자리 오인식 수정 시도
2026-09-26 23:41,BiLSTM+SelfAttention,113,150,32,0.0003,AdamW,0.0,20,1.5,6.0,1759,195,8734899,0.0553,0.8308,7/8자리(지역명 없음) 오버샘플링 추가 - 006트럭 9자리 오인식 수정 시도
2026-09-27 14:56,BiLSTM+SelfAttention,108,150,32,0.0003,AdamW,0.0,20,1.5,6.0,1759,195,8734899,0.0616,0.8000,7/8자리(지역명 없음) 오버샘플링 추가 - 006트럭 9자리 오인식 수정 시도
2026-09-27 15:23,BiLSTM+SelfAttention,128,150,32,0.0003,AdamW,0.0,20,1.5,6.0,1759,195,8734899,0.0571,0.8051,7/8자리(지역명 없음) 오버샘플링 추가 - 006트럭 9자리 오인식 수정 시도
2026-09-27 18:49,BiLSTM+SelfAttention,89,150,32,0.0003,AdamW,0.0,20,1.5,6.0,1759,195,8734899,0.0690,0.7744,"'배' 글자쌍 추가 + 드문 지역명(전남/울산/서울 등) 오버샘플링 추가 - 767장 실측에서 확인된 지역명/글자 혼동(전남->경남, 바<->배 등) 개선 시도"
2026-09-28 12:44,BiLSTM+SelfAttention,103,150,32,0.0003,AdamW,0.0,20,1.5,6.0,1759,195,8734899,0.0558,0.8051,"'배' 글자쌍 추가 + 드문 지역명(전남/울산/서울 등) 오버샘플링 추가 - 767장 실측에서 확인된 지역명/글자 혼동(전남->경남, 바<->배 등) 개선 시도"
2026-09-29 11:06,BiLSTM+SelfAttention,150,150,32,0.0003,AdamW,0.0,20,1.5,6.0,1759,195,8734899,0.0986,0.6051,"'배' 글자쌍 추가 + 드문 지역명(전남/울산/서울 등) 오버샘플링 추가 - 767장 실측에서 확인된 지역명/글자 혼동(전남->경남, 바<->배 등) 개선 시도"
2026-09-29 11:36,BiLSTM+SelfAttention,150,150,32,0.0003,AdamW,0.0,20,1.5,6.0,1759,195,8734899,0.2957,0.1333,"'배' 글자쌍 추가 + 드문 지역명(전남/울산/서울 등) 오버샘플링 추가 - 767장 실측에서 확인된 지역명/글자 혼동(전남->경남, 바<->배 등) 개선 시도"
2026-09-29 13:34,BiLSTM+SelfAttention,122,150,32,0.0003,AdamW,0.0,20,1.5,6.0,1759,195,8734899,0.0610,0.7538,"'배' 글자쌍 추가 + 드문 지역명(전남/울산/서울 등) 오버샘플링 추가 - 767장 실측에서 확인된 지역명/글자 혼동(전남->경남, 바<->배 등) 개선 시도"
2026-09-29 14:33,BiLSTM+SelfAttention,119,150,32,0.0003,AdamW,0.0,20,1.5,6.0,1792,199,8735925,0.0883,0.6784,"'배' 글자쌍 추가 + 드문 지역명(전남/울산/서울 등) 오버샘플링 추가 - 767장 실측에서 확인된 지역명/글자 혼동(전남->경남, 바<->배 등) 개선 시도"
